[{
  "_id": {
    "$oid": "6670ca3cdde10c7db6631825"
  },
  "name": "Apple Tree",
  "price": 25,
  "discountPrice": 20,
  "stockQuantity": 100,
  "category": "fruit-trees",
  "description": "A deciduous tree known for its fruit, typically grown in temperate regions.",
  "imageUrl": "https://images.thdstatic.com/productImages/4d16fcba-9feb-4c97-b6b0-2abe4d85e01c/svn/perfect-plants-fruit-trees-thd00453-64_1000.jpg"
},
{
  "_id": {
    "$oid": "6670ca3cdde10c7db6631826"
  },
  "name": "Pear Tree",
  "price": 30,
  "discountPrice": 25,
  "stockQuantity": 80,
  "category": "fruit-trees",
  "description": "A tree cultivated for its edible fruit, the pear.",
  "imageUrl": "https://i5.walmartimages.com/seo/4-5ft-Orient-Pear-Tree-Hardy-Hybrid-Pear-Attractive-White-Flowers_6ca6b9c9-3607-468e-9d48-7405f901e754.2a53c53f232d854f849587343072dd1c.png"
},
{
  "_id": {
    "$oid": "6670ca3cdde10c7db6631827"
  },
  "name": "Peach Tree",
  "price": 35,
  "discountPrice": 30,
  "stockQuantity": 60,
  "category": "fruit-trees",
  "description": "A deciduous tree native to Northwest China, widely cultivated for its juicy fruit.",
  "imageUrl": "https://images.thdstatic.com/productImages/6c5bcdda-aa1e-434b-a84a-2bb342331ef6/svn/perfect-plants-fruit-trees-thd00412-64_600.jpg"
},
{
  "_id": {
    "$oid": "6670ca3cdde10c7db6631828"
  },
  "name": "Maple Tree",
  "price": 40,
  "discountPrice": 35,
  "stockQuantity": 50,
  "category": "shade-trees",
  "description": "A tree valued for its timber and syrup-producing sap, widely grown in the Northern Hemisphere.",
  "imageUrl": "https://mobileimages.lowes.com/productimages/92e37ad7-b18d-49e0-adf2-dbc08660065f/60285403.jpg"
},
{
  "_id": {
    "$oid": "6670ca3cdde10c7db6631829"
  },
  "name": "Oak Tree",
  "price": 45,
  "discountPrice": 40,
  "stockQuantity": 70,
  "category": "shade-trees",
  "description": "A large, long-lived tree known for its strength and hardwood.",
  "imageUrl": "https://encrypted-tbn0.gstatic.com/images?q=tbn:ANd9GcS54Ez9UJ-4dfF3DQ90e1M_UT0TYN3a1RzdPQ&s"
},
{
  "_id": {
    "$oid": "6670ca3cdde10c7db663182a"
  },
  "name": "Cherry Blossom",
  "price": 50,
  "discountPrice": 45,
  "stockQuantity": 40,
  "category": "flowering-trees",
  "description": "An ornamental tree renowned for its beautiful pink or white flowers.",
  "imageUrl": "https://i5.walmartimages.com/seo/4-5-ft-AU-Rosa-Plum-Tree-White-Flowers-High-Fruit-Yield_2894bfa1-bbad-417d-bec9-6806907d1b34.7a870919c0ce6c460988d3edef966e4e.jpeg"
},
{
  "_id": {
    "$oid": "6670ca3cdde10c7db663182b"
  },
  "name": "Magnolia",
  "price": 55,
  "discountPrice": 50,
  "stockQuantity": 30,
  "category": "flowering-trees",
  "description": "A tree or shrub with large, fragrant flowers, often found in gardens and parks.",
  "imageUrl": "https://mobileimages.lowes.com/productimages/94cc24b2-3e6b-4f5b-a27c-99987f743dd2/46551591.jpg\n"
},
{
  "_id": {
    "$oid": "6670ca3cdde10c7db663182c"
  },
  "name": "Dogwood",
  "price": 60,
  "discountPrice": 55,
  "stockQuantity": 20,
  "category": "flowering-trees",
  "description": "A small tree or shrub with distinctive flowers and colorful fruit.",
  "imageUrl": "https://i5.walmartimages.com/seo/Simpson-Nurseries-18-White-Flowering-Dogwood-Tree-Live-Plant-with-Pot_75229133-923e-41ff-bc48-7942fb8ed85d.73096b3fa63ad53560cfd5fedc9d7d55.jpeg"
},
{
  "_id": {
    "$oid": "6670ca3cdde10c7db663182d"
  },
  "name": "Pine Tree",
  "price": 65,
  "discountPrice": 60,
  "stockQuantity": 90,
  "category": "shade-trees",
  "description": "A coniferous tree known for its needle-like leaves and pine cones.",
  "imageUrl": "https://plantsbymail.com/cdn/shop/files/loblolly-pine-tree-product-3g.jpg\n"
},
{
  "_id": {
    "$oid": "6670ca3cdde10c7db663182e"
  },
  "name": "Cedar Tree",
  "price": 70,
  "discountPrice": 65,
  "stockQuantity": 100,
  "category": "shade-trees",
  "description": "A large evergreen tree with fragrant wood often used for construction and furniture.",
  "imageUrl": "https://www.pineandivy.com/cdn/shop/files/4312837.jpg"
},
{
  "_id": {
    "$oid": "6670ca3cdde10c7db663182f"
  },
  "name": "Plum Tree",
  "price": 25,
  "discountPrice": 20,
  "stockQuantity": 110,
  "category": "fruit-trees",
  "description": "A fruit tree of the genus Prunus, producing delicious plums.",
  "imageUrl": "https://i5.walmartimages.com/seo/4-5-ft-AU-Rosa-Plum-Tree-White-Flowers-High-Fruit-Yield_2894bfa1-bbad-417d-bec9-6806907d1b34.7a870919c0ce6c460988d3edef966e4e.jpeg"
},
{
  "_id": {
    "$oid": "6670ca3cdde10c7db6631830"
  },
  "name": "Fig Tree",
  "price": 30,
  "discountPrice": 25,
  "stockQuantity": 85,
  "category": "fruit-trees",
  "description": "A tree cultivated for its sweet and nutritious fig fruit.",
  "imageUrl": "https://images.thdstatic.com/productImages/4acbeb25-2955-4f91-bdac-86fd5d2c7622/svn/shrubs-hedges-thd00123-64_600.jpg"
},
{
  "_id": {
    "$oid": "6670ca3cdde10c7db6631831"
  },
  "name": "Lemon Tree",
  "price": 35,
  "discountPrice": 30,
  "stockQuantity": 70,
  "category": "fruit-trees",
  "description": "A small evergreen tree bearing lemon fruits, prized for culinary and ornamental purposes.",
  "imageUrl": "https://mobileimages.lowes.com/productimages/b3349a05-0efa-42d2-8138-6b234a69b538/14159808.jpg"
},
{
  "_id": {
    "$oid": "6670ca3cdde10c7db6631832"
  },
  "name": "Lime Tree",
  "price": 40,
  "discountPrice": 35,
  "stockQuantity": 65,
  "category": "fruit-trees",
  "description": "A citrus tree bearing acidic, round fruit with a bright green peel.",
  "imageUrl": "https://royalgardencentres.com/cdn/shop/products/Lamon_Tree_1_grande.jpg"
},
{
  "_id": {
    "$oid": "6670ca3cdde10c7db6631833"
  },
  "name": "Birch Tree",
  "price": 45,
  "discountPrice": 40,
  "stockQuantity": 75,
  "category": "shade-trees",
  "description": "A slender, fast-growing tree known for its distinctive white bark.",
  "imageUrl": "https://vivaimdb.it/cdn/shop/files/BetulaPendula-VQ-1copy--1080px.jpg"
},
{
  "_id": {
    "$oid": "6670ca3cdde10c7db6631834"
  },
  "name": "Willow Tree",
  "price": 50,
  "discountPrice": 45,
  "stockQuantity": 55,
  "category": "shade-trees",
  "description": "A tree or shrub with narrow leaves and flexible branches, often found near water.",
  "imageUrl": "https://plantsbymail.com/cdn/shop/files/weeping-willow-tree-3g.jpg"
},
{
  "_id": {
    "$oid": "6670ca3cdde10c7db6631835"
  },
  "name": "Redbud",
  "price": 55,
  "discountPrice": 50,
  "stockQuantity": 45,
  "category": "flowering-trees",
  "description": "A small tree with pink or purple flowers that bloom in early spring.",
  "imageUrl": "https://images-na.ssl-images-amazon.com/images/I/51Wqj77BRtL._AC_UL600_SR600,600_.jpg"
},
{
  "_id": {
    "$oid": "6670ca3cdde10c7db6631836"
  },
  "name": "Jacaranda",
  "price": 60,
  "discountPrice": 55,
  "stockQuantity": 35,
  "category": "flowering-trees",
  "description": "A tropical tree known for its vibrant purple-blue flowers and fern-like foliage.",
  "imageUrl": "https://paradisegarden.com.cy/wp-content/uploads/2022/02/JACARANDA-3LT.jpg"
},
{
  "_id": {
    "$oid": "6670ca3cdde10c7db6631837"
  },
  "name": "Lilac Tree",
  "price": 65,
  "discountPrice": 60,
  "stockQuantity": 25,
  "category": "flowering-trees",
  "description": "A fragrant shrub or small tree bearing clusters of purple, white, or pink flowers.",
  "imageUrl": "https://floralacres.ca/cdn/shop/products/17657_530x@2x.jpg"
},
{
  "_id": {
    "$oid": "6670ca3cdde10c7db6631838"
  },
  "name": "Spruce Tree",
  "price": 70,
  "discountPrice": 65,
  "stockQuantity": 15,
  "category": "shade-trees",
  "description": "A large evergreen tree with needle-like leaves and conical shape.",
  "imageUrl": "https://villagemerchant.com/cdn/shop/files/spruce-tree-with-black-planter-christmas-tree-mini-12-tall-44413670326568_2048x.jpg"
}]