[{
  "_id": {
    "$oid": "66790ec0c9341439a133105b"
  },
  "items": [
    {
      "productId": "6670ca3cdde10c7db6631826",
      "name": "Pear Tree",
      "price": 25,
      "quantity": 2,
      "imageUrl": "https://i5.walmartimages.com/seo/4-5ft-Orient-Pear-Tree-Hardy-Hybrid-Pear-Attractive-White-Flowers_6ca6b9c9-3607-468e-9d48-7405f901e754.2a53c53f232d854f849587343072dd1c.png"
    },
    {
      "productId": "6670ca3cdde10c7db6631827",
      "name": "Peach Tree",
      "price": 30,
      "quantity": 1,
      "imageUrl": "https://images.thdstatic.com/productImages/6c5bcdda-aa1e-434b-a84a-2bb342331ef6/svn/perfect-plants-fruit-trees-thd00412-64_600.jpg"
    }
  ],
  "total": 80,
  "shippingInfo": {
    "name": "Test 1",
    "address": "Test 1",
    "city": "Test 1 ",
    "zipCode": "12345",
    "country": "Afghanistan"
  },
  "paymentMethod": "credit_card",
  "creditCardInfo": {
    "number": "1111111111111111",
    "expiry": "11/24",
    "cvv": "123"
  },
  "userId": "test_user_123",
  "status": "paid",
  "createdAt": {
    "$date": "2024-06-24T06:14:24.183Z"
  },
  "paidAt": {
    "$date": "2024-06-24T06:14:26.342Z"
  }
},
{
  "_id": {
    "$oid": "66798420c9341439a133105c"
  },
  "items": [
    {
      "productId": "6670ca3cdde10c7db6631827",
      "name": "Peach Tree",
      "price": 30,
      "quantity": 5,
      "imageUrl": "https://images.thdstatic.com/productImages/6c5bcdda-aa1e-434b-a84a-2bb342331ef6/svn/perfect-plants-fruit-trees-thd00412-64_600.jpg"
    }
  ],
  "total": 150,
  "shippingInfo": {
    "name": "Vismantas Stankevicius",
    "address": "Test Address",
    "city": "Vilnius",
    "zipCode": "10310",
    "country": "Lithuania"
  },
  "paymentMethod": "credit_card",
  "creditCardInfo": {
    "number": "1234123412341234",
    "expiry": "12/34",
    "cvv": "123"
  },
  "userId": "test_user_123",
  "status": "paid",
  "createdAt": {
    "$date": "2024-06-24T14:35:12.267Z"
  },
  "paidAt": {
    "$date": "2024-06-24T14:35:14.434Z"
  }
}]