[{
  "_id": {
    "$oid": "6670c951dde10c7db663180b"
  },
  "name": "fruit-trees",
  "imageUrl": "https://m.media-amazon.com/images/I/51t7CMaxsFL._AC_UF894,1000_QL80_.jpg",
  "title": "Fruit Trees"
},
{
  "_id": {
    "$oid": "6670c951dde10c7db663180c"
  },
  "name": "shade-trees",
  "imageUrl": "https://i.pinimg.com/736x/fc/a6/67/fca6677a2faba84c09f24d799fb46ac5.jpg",
  "title": "Shade Trees"
},
{
  "_id": {
    "$oid": "6670c951dde10c7db663180d"
  },
  "name": "flowering-trees",
  "imageUrl": "https://cdn.pflanzmich.de/produkt/42264/184038/09-rhododendron-yakushimanum-arabella184038_origin_img.jpg",
  "title": "Flowering Trees"
}]